source_file,vignette_id,window_id,condition,target_ifs_goal,expected_retrieval_theme,query_preview,response_preview,top_sources,parts_language,curiosity,non_pathologizing,ifs_alignment,ifs_adherence_score,grounding_score,failure_notes,reviewer
v001__v001_w2__hierarchical.json,V001,V001_W2,hierarchical,deepen curiosity toward a protector and reduce frustration toward it,"protectors, fear of failure, curiosity toward parts, unblending","Client: It feels scared. Like if I really try and fail, that would prove I'm not good enough. Coach: So there may be a part trying to protect you from that feeling? Client: Yeah, that actually fits. It's like it would rather avoid everything than risk that. Coach: How do you feel toward that part as...","[MOCK OUTPUT] An IFS-informed coach might approach this by assuming that the conflicting or extreme behaviors make sense from the perspective of parts that are trying to protect the person from something more vulnerable. Rather than trying to eliminate the behavior or argue with the part, the coach would stay curious about what the part fears would happen if it did not do this job, and what pain, shame, or overwhelm it may be trying to prevent. The coach would also want to help the person notice...",Internal Family Systems Couple Therapy :: SEC04 > Challenges | Internal Family Systems Therapy for Addictions :: SEC04 > 04 Intervening | Internal Family Systems Therapy for Addictions :: SEC04 > 04 Intervening,,,,,,,,
v001__v001_w2__medium_overlap.json,V001,V001_W2,medium_overlap,deepen curiosity toward a protector and reduce frustration toward it,"protectors, fear of failure, curiosity toward parts, unblending","Client: It feels scared. Like if I really try and fail, that would prove I'm not good enough. Coach: So there may be a part trying to protect you from that feeling? Client: Yeah, that actually fits. It's like it would rather avoid everything than risk that. Coach: How do you feel toward that part as...","[MOCK OUTPUT] An IFS-informed coach might approach this by assuming that the conflicting or extreme behaviors make sense from the perspective of parts that are trying to protect the person from something more vulnerable. Rather than trying to eliminate the behavior or argue with the part, the coach would stay curious about what the part fears would happen if it did not do this job, and what pain, shame, or overwhelm it may be trying to prevent. The coach would also want to help the person notice...",Internal Family Systems Couple Therapy :: SEC02 > PT03 > Intrapsychic | Internal Family Systems Couple Therapy :: SEC02 > PT03 > Intrapsychic | Internal Family Systems Couple Therapy :: SEC02 > PT01 > P1 Learning,,,,,,,,
v001__v001_w2__small_fixed.json,V001,V001_W2,small_fixed,deepen curiosity toward a protector and reduce frustration toward it,"protectors, fear of failure, curiosity toward parts, unblending","Client: It feels scared. Like if I really try and fail, that would prove I'm not good enough. Coach: So there may be a part trying to protect you from that feeling? Client: Yeah, that actually fits. It's like it would rather avoid everything than risk that. Coach: How do you feel toward that part as...","[MOCK OUTPUT] An IFS-informed coach might approach this by assuming that the conflicting or extreme behaviors make sense from the perspective of parts that are trying to protect the person from something more vulnerable. Rather than trying to eliminate the behavior or argue with the part, the coach would stay curious about what the part fears would happen if it did not do this job, and what pain, shame, or overwhelm it may be trying to prevent. The coach would also want to help the person notice...",Internal Family Systems Couple Therapy :: SEC02 > PT03 > Intrapsychic | Internal Family Systems Skills Training Manual :: SEC03 > Manual Treatment | Transcending Trauma :: SEC02 > Protective Parts,,,,,,,,
v006__v006_w2__hierarchical.json,V006,V006_W2,hierarchical,explore the positive intent of the firefighter part,"protective intent, compassion toward addictive parts","Client: Yeah, it feels like a part that says, 'Just make this stop.' Coach: How do you feel toward that part when you notice it? Client: Mixed. I know it causes problems, but it also feels like the only thing helping sometimes. Coach: What do you imagine it is trying to help you avoid or escape from...","[MOCK OUTPUT] An IFS-informed coach might approach this by assuming that the conflicting or extreme behaviors make sense from the perspective of parts that are trying to protect the person from something more vulnerable. Rather than trying to eliminate the behavior or argue with the part, the coach would stay curious about what the part fears would happen if it did not do this job, and what pain, shame, or overwhelm it may be trying to prevent. The coach would also want to help the person notice...",Internal Family Systems Therapy for Addictions :: SEC04 > 03 Addiction Polarity | Internal Family Systems Therapy for Addictions :: SEC04 > 03 Addiction Polarity | Internal Family Systems Therapy for Addictions :: SEC04 > 02 Agenda,,,,,,,,
v006__v006_w2__medium_overlap.json,V006,V006_W2,medium_overlap,explore the positive intent of the firefighter part,"protective intent, compassion toward addictive parts","Client: Yeah, it feels like a part that says, 'Just make this stop.' Coach: How do you feel toward that part when you notice it? Client: Mixed. I know it causes problems, but it also feels like the only thing helping sometimes. Coach: What do you imagine it is trying to help you avoid or escape from...","[MOCK OUTPUT] An IFS-informed coach might approach this by assuming that the conflicting or extreme behaviors make sense from the perspective of parts that are trying to protect the person from something more vulnerable. Rather than trying to eliminate the behavior or argue with the part, the coach would stay curious about what the part fears would happen if it did not do this job, and what pain, shame, or overwhelm it may be trying to prevent. The coach would also want to help the person notice...",Internal Family Systems Couple Therapy :: SEC02 > PT03 > Communication | Internal Family Systems Skills Training Manual :: SEC03 > Manual Treatment | Internal Family Systems Couple Therapy :: SEC02 > PT03 > P3 Ending,,,,,,,,
v006__v006_w2__small_fixed.json,V006,V006_W2,small_fixed,explore the positive intent of the firefighter part,"protective intent, compassion toward addictive parts","Client: Yeah, it feels like a part that says, 'Just make this stop.' Coach: How do you feel toward that part when you notice it? Client: Mixed. I know it causes problems, but it also feels like the only thing helping sometimes. Coach: What do you imagine it is trying to help you avoid or escape from...","[MOCK OUTPUT] An IFS-informed coach might approach this by assuming that the conflicting or extreme behaviors make sense from the perspective of parts that are trying to protect the person from something more vulnerable. Rather than trying to eliminate the behavior or argue with the part, the coach would stay curious about what the part fears would happen if it did not do this job, and what pain, shame, or overwhelm it may be trying to prevent. The coach would also want to help the person notice...",Internal Family Systems Skills Training Manual :: SEC03 > Manual Treatment | Internal Family Systems Couple Therapy :: SEC02 > PT03 > Communication | Internal Family Systems Couple Therapy :: SEC03 > Relational,,,,,,,,
v011__v011_w2__hierarchical.json,V011,V011_W2,hierarchical,clarify the fears and hopes of polarized parts,"polarization, protector fears, burdens beneath conflict","Client: Yes, and they keep fighting inside me. Coach: If you focus on the cautious one, what does it seem most afraid of? Client: Making a terrible mistake and losing stability. Coach: And if you focus on the hopeful one, what is it longing for?","[MOCK OUTPUT] An IFS-informed coach might approach this by assuming that the conflicting or extreme behaviors make sense from the perspective of parts that are trying to protect the person from something more vulnerable. Rather than trying to eliminate the behavior or argue with the part, the coach would stay curious about what the part fears would happen if it did not do this job, and what pain, shame, or overwhelm it may be trying to prevent. The coach would also want to help the person notice...",Internal Family Systems Therapy for Addictions :: SEC04 > 09 Befriending Managers | Internal Family Systems Therapy for Addictions :: SEC04 > 09 Befriending Managers | Internal Family Systems Therapy for Addictions :: SEC04 > 03 Addiction Polarity,,,,,,,,
v011__v011_w2__medium_overlap.json,V011,V011_W2,medium_overlap,clarify the fears and hopes of polarized parts,"polarization, protector fears, burdens beneath conflict","Client: Yes, and they keep fighting inside me. Coach: If you focus on the cautious one, what does it seem most afraid of? Client: Making a terrible mistake and losing stability. Coach: And if you focus on the hopeful one, what is it longing for?","[MOCK OUTPUT] An IFS-informed coach might approach this by assuming that the conflicting or extreme behaviors make sense from the perspective of parts that are trying to protect the person from something more vulnerable. Rather than trying to eliminate the behavior or argue with the part, the coach would stay curious about what the part fears would happen if it did not do this job, and what pain, shame, or overwhelm it may be trying to prevent. The coach would also want to help the person notice...",Internal Family Systems Couple Therapy :: SEC02 > PT03 > Intrapsychic | Internal Family Systems Couple Therapy :: SEC02 > PT03 > P3 Ending | Internal Family Systems Couple Therapy :: SEC02 > PT03 > Communication,,,,,,,,
v011__v011_w2__small_fixed.json,V011,V011_W2,small_fixed,clarify the fears and hopes of polarized parts,"polarization, protector fears, burdens beneath conflict","Client: Yes, and they keep fighting inside me. Coach: If you focus on the cautious one, what does it seem most afraid of? Client: Making a terrible mistake and losing stability. Coach: And if you focus on the hopeful one, what is it longing for?","[MOCK OUTPUT] An IFS-informed coach might approach this by assuming that the conflicting or extreme behaviors make sense from the perspective of parts that are trying to protect the person from something more vulnerable. Rather than trying to eliminate the behavior or argue with the part, the coach would stay curious about what the part fears would happen if it did not do this job, and what pain, shame, or overwhelm it may be trying to prevent. The coach would also want to help the person notice...",Transcending Trauma :: SEC06 > Assoc Features Trauma | Internal Family Systems Couple Therapy :: SEC02 > PT03 > P3 Ending | Internal Family Systems Couple Therapy :: SEC02 > PT03 > Communication,,,,,,,,
